[
   {   
       "name": "Easy",
       "waves": 10,
       "spawns": [
            {
                "enemy": "zombie",
                "count": "5 wave +",
                "hp": "base 5 wave * +",
                "delay": "5",
                "sequence": [1,2,3],
                "location": "random"
            },
            {   
                "enemy": "skeleton",
                "count": "wave 3 /",
                "hp": "30 wave *",
                "sequence": [2, 2],
                "location": "random red"
            },
            {
                "enemy": "warlock",
                "count": "wave 5 / 1 wave 5 % - *",
                "hp": "100 25 wave *",
                "location": "random bone"
            }       
        ]
   },
   {   
       "name": "Medium",
       "waves": 15,
       "spawns": [
            {
                "enemy": "zombie",
                "count": "5 wave 2 * +",
                "hp": "25 wave *",
                "delay": "5",
                "sequence": [1,2,3],
                "location": "random"
            },
            {   
                "enemy": "skeleton",
                "count": "wave 2 /",
                "hp": "25 wave *",
                "sequence": [2, 2],
                "location": "random red"
            },
            {
                "enemy": "warlock",
                "count": "wave 5 / 1 wave 5 % - *",
                "hp": "75 50 wave *",
                "damage": "base 10 +",
                "location": "random bone"
            }       
        ]
   },
   {   
       "name": "Endless",
       "spawns": [
            {
                "enemy": "zombie",
                "count": "5 wave 3 * +",
                "hp": "15 wave *",
                "delay": "5",
                "sequence": [1,2,3],
                "location": "random"
            },
            {   
                "enemy": "skeleton",
                "count": "wave 4 /",
                "hp": "20 wave *",
                "sequence": [2, 2],
                "location": "random red"
            },
            {
                "enemy": "warlock",
                "count": "wave 10 / 1 wave 10 % - *",
                "hp": "75 15 wave *",
                "damage": "base 5 -",
                "location": "random bone"
            }       
        ]
   }
]